filename,label,fractal_dimension,entropy,lacunarity,sizes,counts
GBM-Grade IV Age-47.jpg,GBM-Grade IV Age-47.jpg,1.8364875717988036,5.5320420506086885,0.02306971576821941,[256 128  64  32  16   8   4],"[1, 4, 16, 57, 197, 675, 2049]"
GBM-Grade IV Age-47_0.jpg,GBM-Grade IV Age-47.jpg,1.7900406603299188,5.71182084575024,0.019304664933194687,[256 128  64  32  16   8   4],"[1, 4, 16, 54, 192, 622, 1616]"
GBM-Grade IV Age-47_1.jpg,GBM-Grade IV Age-47.jpg,1.7761956716226157,5.687118882752156,0.016510362111419413,[256 128  64  32  16   8   4],"[1, 4, 16, 52, 177, 596, 1562]"
GBM-Grade IV Age-47_2.jpg,GBM-Grade IV Age-47.jpg,1.7693292817710844,5.513033493189255,0.017785962834137168,[256 128  64  32  16   8   4],"[1, 4, 14, 50, 176, 580, 1458]"
GBM-Grade IV Age-47_3.jpg,GBM-Grade IV Age-47.jpg,1.7502900452355987,5.266907878236481,0.01741622378133676,[256 128  64  32  16   8   4],"[1, 4, 15, 50, 168, 540, 1405]"
GBM-Grade IV Age-47_4.jpg,GBM-Grade IV Age-47.jpg,1.699845171033824,4.651670076241111,0.013285784042155361,[256 128  64  32  16   8   4],"[1, 4, 13, 41, 140, 457, 1148]"
GBM-Grade IV-1.jpg,GBM-Grade IV-1.jpg,1.79410693245874,5.769577619339931,0.023016631089986722,[256 128  64  32  16   8   4],"[1, 4, 16, 57, 192, 626, 1652]"
GBM-Grade IV-1_0.jpg,GBM-Grade IV-1.jpg,1.6521201917061756,5.907152638599311,0.018636417084179333,[256 128  64  32  16   8   4],"[1, 4, 16, 50, 163, 431, 893]"
GBM-Grade IV-1_1.jpg,GBM-Grade IV-1.jpg,1.6502742519072842,6.122133779104938,0.02135344165763777,[256 128  64  32  16   8   4],"[1, 4, 15, 53, 169, 423, 864]"
GBM-Grade IV-1_2.jpg,GBM-Grade IV-1.jpg,1.605439973432228,5.323375285359871,0.01632835028447595,[256 128  64  32  16   8   4],"[1, 4, 14, 43, 138, 352, 764]"
GBM-Grade IV-1_3.jpg,GBM-Grade IV-1.jpg,1.581791781312948,5.207391634362859,0.015949946525160418,[256 128  64  32  16   8   4],"[1, 4, 14, 43, 128, 332, 699]"
GBM-Grade IV-1_4.jpg,GBM-Grade IV-1.jpg,1.6309988026327886,5.7600702881035435,0.01889556450366273,[256 128  64  32  16   8   4],"[1, 4, 16, 50, 156, 402, 828]"
GBM-Grade IV-10.jpg,GBM-Grade IV-10.jpg,1.8390682995579035,5.521524197072997,0.04826988618524314,[256 128  64  32  16   8   4],"[1, 4, 16, 58, 202, 682, 2052]"
GBM-Grade IV-10_0.jpg,GBM-Grade IV-10.jpg,1.74529209093147,5.386528604153125,0.03725040761666762,[256 128  64  32  16   8   4],"[1, 4, 13, 44, 159, 525, 1346]"
GBM-Grade IV-10_1.jpg,GBM-Grade IV-10.jpg,1.7514776670872403,5.7203523282506135,0.03920766161679926,[256 128  64  32  16   8   4],"[1, 4, 16, 52, 187, 578, 1334]"
GBM-Grade IV-10_2.jpg,GBM-Grade IV-10.jpg,1.7628124908244853,5.723336098089106,0.038999065099014796,[256 128  64  32  16   8   4],"[1, 4, 16, 53, 177, 581, 1457]"
GBM-Grade IV-10_3.jpg,GBM-Grade IV-10.jpg,1.736867119777225,5.389328225770709,0.039618345149770924,[256 128  64  32  16   8   4],"[1, 4, 15, 49, 169, 528, 1305]"
GBM-Grade IV-10_4.jpg,GBM-Grade IV-10.jpg,1.7850938130513103,6.086816523049681,0.0438721094931354,[256 128  64  32  16   8   4],"[1, 4, 15, 55, 194, 626, 1520]"
GBM-Grade IV-11.jpg,GBM-Grade IV-11.jpg,1.9056214409259735,6.16549118818116,0.03262505350747871,[256 128  64  32  16   8   4],"[1, 4, 16, 60, 212, 787, 2823]"
GBM-Grade IV-11_0.jpg,GBM-Grade IV-11.jpg,1.853443447247954,6.057134885075144,0.02044110556370054,[256 128  64  32  16   8   4],"[1, 4, 15, 50, 179, 670, 2322]"
GBM-Grade IV-11_1.jpg,GBM-Grade IV-11.jpg,1.8927501438214944,6.321852412244024,0.022735892310238676,[256 128  64  32  16   8   4],"[1, 4, 16, 57, 210, 781, 2619]"
GBM-Grade IV-11_2.jpg,GBM-Grade IV-11.jpg,1.9387329991350681,6.848510575573612,0.03013243843326981,[256 128  64  32  16   8   4],"[1, 4, 16, 63, 236, 896, 3095]"
GBM-Grade IV-11_3.jpg,GBM-Grade IV-11.jpg,1.8497837960542054,5.662058701070875,0.01939912252838437,[256 128  64  32  16   8   4],"[1, 4, 15, 49, 177, 667, 2283]"
GBM-Grade IV-11_4.jpg,GBM-Grade IV-11.jpg,1.8663883716555834,6.038083341903434,0.02263930059133483,[256 128  64  32  16   8   4],"[1, 4, 15, 51, 189, 712, 2381]"
GBM-Grade IV-12.jpg,GBM-Grade IV-12.jpg,1.8460432261323994,5.345807140956618,0.027029857376343818,[256 128  64  32  16   8   4],"[1, 4, 16, 57, 193, 659, 2230]"
GBM-Grade IV-12_0.jpg,GBM-Grade IV-12.jpg,1.8494923078580519,5.956252165029083,0.022616395222034957,[256 128  64  32  16   8   4],"[1, 4, 15, 52, 191, 707, 2137]"
GBM-Grade IV-12_1.jpg,GBM-Grade IV-12.jpg,1.8375389551543866,5.8191293379697395,0.025065234961121494,[256 128  64  32  16   8   4],"[1, 4, 16, 57, 192, 671, 2089]"
GBM-Grade IV-12_2.jpg,GBM-Grade IV-12.jpg,1.7930117005529607,5.366328666005621,0.023039419342921585,[256 128  64  32  16   8   4],"[1, 4, 15, 46, 162, 575, 1798]"
GBM-Grade IV-12_3.jpg,GBM-Grade IV-12.jpg,1.7325119412430467,4.449714151268937,0.01701731956436134,[256 128  64  32  16   8   4],"[1, 4, 14, 42, 133, 462, 1468]"
GBM-Grade IV-12_4.jpg,GBM-Grade IV-12.jpg,1.7778050768457443,5.1605483011252415,0.020888592011555067,[256 128  64  32  16   8   4],"[1, 4, 15, 46, 159, 551, 1687]"
GBM-Grade IV-2.jpg,GBM-Grade IV-2.jpg,1.8540026244665062,5.4071730369826785,0.016932379138367565,[256 128  64  32  16   8   4],"[1, 4, 16, 59, 203, 706, 2205]"
GBM-Grade IV-2_0.jpg,GBM-Grade IV-2.jpg,1.8277614992190145,5.884674899693362,0.014844438635164077,[256 128  64  32  16   8   4],"[1, 4, 16, 54, 202, 698, 1878]"
GBM-Grade IV-2_1.jpg,GBM-Grade IV-2.jpg,1.7736416737539549,5.107023309251438,0.012133726622271185,[256 128  64  32  16   8   4],"[1, 4, 15, 47, 169, 569, 1575]"
GBM-Grade IV-2_2.jpg,GBM-Grade IV-2.jpg,1.8000320983634812,5.420306899381637,0.013355177331834566,[256 128  64  32  16   8   4],"[1, 4, 15, 51, 184, 620, 1715]"
GBM-Grade IV-2_3.jpg,GBM-Grade IV-2.jpg,1.7878092497612263,5.313044330285807,0.012780164786959827,[256 128  64  32  16   8   4],"[1, 4, 15, 50, 178, 602, 1634]"
GBM-Grade IV-2_4.jpg,GBM-Grade IV-2.jpg,1.7616416549137563,5.187381388422265,0.011039475164088397,[256 128  64  32  16   8   4],"[1, 4, 15, 47, 162, 556, 1501]"
GBM-Grade IV-3.jpg,GBM-Grade IV-3.jpg,1.6379135320119018,4.866429755912245,0.01643721030869462,[256 128  64  32  16   8   4],"[1, 4, 16, 53, 157, 412, 850]"
GBM-Grade IV-3_0.jpg,GBM-Grade IV-3.jpg,1.5071399388521154,5.158991716132099,0.017443284423637746,[256 128  64  32  16   8   4],"[1, 4, 16, 49, 121, 271, 526]"
GBM-Grade IV-3_1.jpg,GBM-Grade IV-3.jpg,1.4798610660052984,4.534869912659393,0.01631709275982658,[256 128  64  32  16   8   4],"[1, 4, 12, 39, 101, 229, 476]"
GBM-Grade IV-3_2.jpg,GBM-Grade IV-3.jpg,1.5054138799023986,4.56747784064707,0.018328062860227715,[256 128  64  32  16   8   4],"[1, 4, 15, 43, 111, 259, 540]"
GBM-Grade IV-3_3.jpg,GBM-Grade IV-3.jpg,1.466063256031682,4.921729712470349,0.020341165618002602,[256 128  64  32  16   8   4],"[1, 4, 14, 40, 103, 230, 454]"
GBM-Grade IV-3_4.jpg,GBM-Grade IV-3.jpg,1.4816666838166939,4.861802408394298,0.020428554515227668,[256 128  64  32  16   8   4],"[1, 4, 12, 39, 101, 228, 483]"
GBM-Grade IV-4.jpg,GBM-Grade IV-4.jpg,1.6926705898769123,5.540284703214641,0.015865492991012795,[256 128  64  32  16   8   4],"[1, 4, 16, 56, 170, 483, 1061]"
GBM-Grade IV-4_0.jpg,GBM-Grade IV-4.jpg,1.413084625493342,5.527089405623535,0.0164587540037024,[256 128  64  32  16   8   4],"[1, 4, 14, 39, 91, 203, 365]"
GBM-Grade IV-4_1.jpg,GBM-Grade IV-4.jpg,1.5429251833242512,5.902412602648161,0.01939908209475985,[256 128  64  32  16   8   4],"[1, 4, 15, 45, 124, 293, 611]"
GBM-Grade IV-4_2.jpg,GBM-Grade IV-4.jpg,1.5626023622068728,5.916548171045837,0.01891072899927196,[256 128  64  32  16   8   4],"[1, 4, 15, 50, 127, 315, 656]"
GBM-Grade IV-4_3.jpg,GBM-Grade IV-4.jpg,1.531563028652718,6.02777562393999,0.02045133022478758,[256 128  64  32  16   8   4],"[1, 4, 15, 45, 120, 284, 586]"
GBM-Grade IV-4_4.jpg,GBM-Grade IV-4.jpg,1.5438927808459364,5.748222249743239,0.01913798599665169,[256 128  64  32  16   8   4],"[1, 4, 16, 49, 128, 297, 616]"
GBM-Grade IV-5.jpg,GBM-Grade IV-5.jpg,1.517093420017766,5.8211079414468205,0.01526346104418416,[256 128  64  32  16   8   4],"[1, 4, 16, 49, 125, 292, 528]"
GBM-Grade IV-5_0.jpg,GBM-Grade IV-5.jpg,1.3338283867490197,6.535386928118749,0.025994701743245346,[256 128  64  32  16   8   4],"[1, 4, 14, 35, 74, 152, 284]"
GBM-Grade IV-5_1.jpg,GBM-Grade IV-5.jpg,1.3734474684529208,5.9625332919185405,0.027785947223077857,[256 128  64  32  16   8   4],"[1, 4, 13, 35, 80, 173, 320]"
GBM-Grade IV-5_2.jpg,GBM-Grade IV-5.jpg,1.3115848828340142,5.223539968120983,0.019393660834285266,[256 128  64  32  16   8   4],"[1, 4, 14, 29, 65, 145, 265]"
GBM-Grade IV-5_3.jpg,GBM-Grade IV-5.jpg,1.3359512231080997,6.424839157254361,0.026843075190344318,[256 128  64  32  16   8   4],"[1, 4, 13, 35, 76, 154, 276]"
GBM-Grade IV-5_4.jpg,GBM-Grade IV-5.jpg,1.258850245250858,5.446968657721096,0.021153402287756633,[256 128  64  32  16   8   4],"[1, 4, 13, 27, 59, 122, 213]"
GBM-Grade IV-9.jpg,GBM-Grade IV-9.jpg,1.784999361840475,5.897225169360443,0.05403869504636116,[256 128  64  32  16   8   4],"[1, 4, 16, 57, 196, 642, 1521]"
GBM-Grade IV-9_0.jpg,GBM-Grade IV-9.jpg,1.6204265242904616,5.8747252418370035,0.036936848011275586,[256 128  64  32  16   8   4],"[1, 4, 15, 50, 155, 376, 793]"
GBM-Grade IV-9_1.jpg,GBM-Grade IV-9.jpg,1.6166865826987145,5.469508222537147,0.03315029687189078,[256 128  64  32  16   8   4],"[1, 4, 15, 47, 151, 373, 785]"
GBM-Grade IV-9_2.jpg,GBM-Grade IV-9.jpg,1.5884139734253595,5.651505051848237,0.03321811159857883,[256 128  64  32  16   8   4],"[1, 4, 15, 48, 144, 350, 693]"
GBM-Grade IV-9_3.jpg,GBM-Grade IV-9.jpg,1.6263895049320143,5.877265475175782,0.03602142616087126,[256 128  64  32  16   8   4],"[1, 4, 14, 49, 150, 379, 810]"
GBM-Grade IV-9_4.jpg,GBM-Grade IV-9.jpg,1.6250843557846946,5.558560288733907,0.03380561667006333,[256 128  64  32  16   8   4],"[1, 4, 16, 48, 150, 385, 831]"
GBM-Grade IV-C10.jpg,GBM-Grade IV-C10.jpg,1.8517405280521986,6.431676690650341,0.033330040681584155,[256 128  64  32  16   8   4],"[1, 4, 16, 61, 222, 751, 2024]"
GBM-Grade IV-C10_0.jpg,GBM-Grade IV-C10.jpg,1.6702853162048616,6.023518305392018,0.025806399381779935,[256 128  64  32  16   8   4],"[1, 4, 16, 52, 159, 450, 984]"
GBM-Grade IV-C10_1.jpg,GBM-Grade IV-C10.jpg,1.6566835599049747,6.239428343506693,0.03366648186874835,[256 128  64  32  16   8   4],"[1, 4, 15, 53, 160, 428, 910]"
GBM-Grade IV-C10_2.jpg,GBM-Grade IV-C10.jpg,1.669011792734849,6.402477747373124,0.030544202129069074,[256 128  64  32  16   8   4],"[1, 4, 15, 51, 165, 435, 965]"
GBM-Grade IV-C10_3.jpg,GBM-Grade IV-C10.jpg,1.6464521366448186,6.027581647130114,0.0275242667173778,[256 128  64  32  16   8   4],"[1, 4, 15, 48, 151, 409, 895]"
GBM-Grade IV-C10_4.jpg,GBM-Grade IV-C10.jpg,1.6625369021292717,5.796727677931288,0.028118149472022916,[256 128  64  32  16   8   4],"[1, 4, 15, 48, 153, 435, 949]"
GBM-Grade IV-C3.jpg,GBM-Grade IV-C3.jpg,1.6227417583514885,5.93046916961054,0.031533271763708,[256 128  64  32  16   8   4],"[1, 4, 16, 57, 169, 403, 763]"
GBM-Grade IV-C3_0.jpg,GBM-Grade IV-C3.jpg,1.367266454363023,5.963863891371771,0.03187269121603017,[256 128  64  32  16   8   4],"[1, 4, 13, 35, 88, 181, 289]"
GBM-Grade IV-C3_1.jpg,GBM-Grade IV-C3.jpg,1.3123258512610205,6.045450476269553,0.03695629083795968,[256 128  64  32  16   8   4],"[1, 4, 14, 35, 82, 149, 242]"
GBM-Grade IV-C3_2.jpg,GBM-Grade IV-C3.jpg,1.4232727890717274,6.24742840075131,0.03939082397736772,[256 128  64  32  16   8   4],"[1, 4, 15, 44, 102, 220, 364]"
GBM-Grade IV-C3_3.jpg,GBM-Grade IV-C3.jpg,1.3775628687307393,5.3761990305372125,0.03075741028596609,[256 128  64  32  16   8   4],"[1, 4, 13, 34, 85, 178, 316]"
GBM-Grade IV-C3_4.jpg,GBM-Grade IV-C3.jpg,1.413557278360851,6.376784800790893,0.03685826139531887,[256 128  64  32  16   8   4],"[1, 4, 15, 44, 106, 211, 347]"
GBM-Grade IV-C4.jpg,GBM-Grade IV-C4.jpg,1.862596129355393,6.179316872154937,0.03984478086019084,[256 128  64  32  16   8   4],"[1, 4, 16, 58, 208, 735, 2251]"
GBM-Grade IV-C4_0.jpg,GBM-Grade IV-C4.jpg,1.7106358534112418,5.564312883890294,0.02905998793254993,[256 128  64  32  16   8   4],"[1, 4, 14, 50, 158, 497, 1146]"
GBM-Grade IV-C4_1.jpg,GBM-Grade IV-C4.jpg,1.7300114918759573,6.164858028494096,0.03675484491382334,[256 128  64  32  16   8   4],"[1, 4, 15, 50, 176, 549, 1200]"
GBM-Grade IV-C4_2.jpg,GBM-Grade IV-C4.jpg,1.7264857378065,6.232764378131143,0.03800074912625486,[256 128  64  32  16   8   4],"[1, 4, 15, 51, 180, 538, 1180]"
GBM-Grade IV-C4_3.jpg,GBM-Grade IV-C4.jpg,1.7448413298270053,6.276167134109613,0.03785962028125086,[256 128  64  32  16   8   4],"[1, 4, 16, 54, 187, 580, 1275]"
GBM-Grade IV-C4_4.jpg,GBM-Grade IV-C4.jpg,1.7044574347868935,5.8352852408798865,0.03297576419850991,[256 128  64  32  16   8   4],"[1, 4, 15, 50, 170, 494, 1104]"
GBM-Grade IV-C5.jpg,GBM-Grade IV-C5.jpg,1.8682762922432743,6.306540836056187,0.035568405174564166,[256 128  64  32  16   8   4],"[1, 4, 16, 59, 211, 766, 2261]"
GBM-Grade IV-C5_0.jpg,GBM-Grade IV-C5.jpg,1.6837020384128516,5.6906464128764,0.024342685574236828,[256 128  64  32  16   8   4],"[1, 4, 14, 45, 154, 472, 1005]"
GBM-Grade IV-C5_1.jpg,GBM-Grade IV-C5.jpg,1.7617519812013576,6.4988173244315455,0.032151730256987816,[256 128  64  32  16   8   4],"[1, 4, 16, 57, 202, 620, 1326]"
GBM-Grade IV-C5_2.jpg,GBM-Grade IV-C5.jpg,1.7138638340282717,5.940248814022742,0.028812849181378965,[256 128  64  32  16   8   4],"[1, 4, 15, 52, 181, 514, 1119]"
GBM-Grade IV-C5_3.jpg,GBM-Grade IV-C5.jpg,1.7276708262693277,6.37104169664151,0.02894117430615885,[256 128  64  32  16   8   4],"[1, 4, 16, 57, 189, 557, 1168]"
GBM-Grade IV-C5_4.jpg,GBM-Grade IV-C5.jpg,1.702701345837565,5.914251606553599,0.026346329188521964,[256 128  64  32  16   8   4],"[1, 4, 15, 47, 163, 498, 1101]"
GBM-Grade IV-C6.jpg,GBM-Grade IV-C6.jpg,1.859519031128726,5.93695212322543,0.0379295810193001,[256 128  64  32  16   8   4],"[1, 4, 16, 57, 202, 712, 2276]"
GBM-Grade IV-C6_0.jpg,GBM-Grade IV-C6.jpg,1.781142409820157,6.05973247129649,0.03312384494823132,[256 128  64  32  16   8   4],"[1, 4, 15, 50, 171, 587, 1613]"
GBM-Grade IV-C6_1.jpg,GBM-Grade IV-C6.jpg,1.808953725139228,6.177713879262083,0.03504696349135572,[256 128  64  32  16   8   4],"[1, 4, 16, 54, 187, 642, 1804]"
GBM-Grade IV-C6_2.jpg,GBM-Grade IV-C6.jpg,1.7761020446421258,5.8286659745283425,0.0314815789653273,[256 128  64  32  16   8   4],"[1, 4, 15, 49, 170, 568, 1599]"
GBM-Grade IV-C6_3.jpg,GBM-Grade IV-C6.jpg,1.758225086199124,5.455759750404818,0.03193071560462999,[256 128  64  32  16   8   4],"[1, 4, 14, 46, 156, 529, 1502]"
GBM-Grade IV-C6_4.jpg,GBM-Grade IV-C6.jpg,1.8079676396239794,5.899815647171231,0.034250127670524405,[256 128  64  32  16   8   4],"[1, 4, 13, 50, 179, 619, 1739]"
GBM-Grade IV-C7.jpg,GBM-Grade IV-C7.jpg,1.5546866534268469,6.2060449393089625,0.03160920236946608,[256 128  64  32  16   8   4],"[1, 4, 16, 58, 167, 334, 559]"
GBM-Grade IV-C7_0.jpg,GBM-Grade IV-C7.jpg,1.3127913998736924,6.323694721238784,0.02527414924726617,[256 128  64  32  16   8   4],"[1, 4, 13, 37, 78, 140, 251]"
GBM-Grade IV-C7_1.jpg,GBM-Grade IV-C7.jpg,1.3463740295433013,5.915657177770113,0.022673958791785694,[256 128  64  32  16   8   4],"[1, 4, 16, 41, 93, 162, 286]"
GBM-Grade IV-C7_2.jpg,GBM-Grade IV-C7.jpg,1.3000621089006477,5.496653768268233,0.021210875884002535,[256 128  64  32  16   8   4],"[1, 4, 14, 35, 76, 140, 239]"
GBM-Grade IV-C7_3.jpg,GBM-Grade IV-C7.jpg,1.3220432198234082,5.935115393884072,0.022961922676355252,[256 128  64  32  16   8   4],"[1, 4, 15, 38, 86, 153, 255]"
GBM-Grade IV-C7_4.jpg,GBM-Grade IV-C7.jpg,1.3337814779717123,6.132510193266502,0.025949578963826166,[256 128  64  32  16   8   4],"[1, 4, 15, 38, 89, 160, 264]"
GBM-Grade IV-C9.jpg,GBM-Grade IV-C9.jpg,1.8613201253770644,6.129050637384899,0.029942827614248605,[256 128  64  32  16   8   4],"[1, 4, 16, 59, 207, 740, 2226]"
GBM-Grade IV-C9_0.jpg,GBM-Grade IV-C9.jpg,1.7466172281410905,6.1207596684166985,0.020913810265588847,[256 128  64  32  16   8   4],"[1, 4, 15, 51, 187, 568, 1280]"
GBM-Grade IV-C9_1.jpg,GBM-Grade IV-C9.jpg,1.730084447263795,6.113073561008,0.02128678246818592,[256 128  64  32  16   8   4],"[1, 4, 16, 51, 190, 553, 1190]"
GBM-Grade IV-C9_2.jpg,GBM-Grade IV-C9.jpg,1.7226937233330382,6.02840241050128,0.020208854918911164,[256 128  64  32  16   8   4],"[1, 4, 14, 50, 183, 526, 1136]"
GBM-Grade IV-C9_3.jpg,GBM-Grade IV-C9.jpg,1.6677902395244584,5.293454281338238,0.016315192922704676,[256 128  64  32  16   8   4],"[1, 4, 15, 44, 149, 436, 989]"
GBM-Grade IV-C9_4.jpg,GBM-Grade IV-C9.jpg,1.7250774181007849,6.127795321829805,0.02052206446081625,[256 128  64  32  16   8   4],"[1, 4, 15, 50, 183, 540, 1160]"
GBM-Grade IV-D1.jpg,GBM-Grade IV-D1.jpg,1.8745980411533865,6.3159797554128865,0.01934301812793215,[256 128  64  32  16   8   4],"[1, 4, 16, 59, 224, 775, 2291]"
GBM-Grade IV-D1_0.jpg,GBM-Grade IV-D1.jpg,1.7079550942446506,6.0606473937308865,0.010596367914790452,[256 128  64  32  16   8   4],"[1, 4, 14, 47, 165, 472, 1149]"
GBM-Grade IV-D1_1.jpg,GBM-Grade IV-D1.jpg,1.7701427260882503,6.443978917227435,0.018140731448575212,[256 128  64  32  16   8   4],"[1, 4, 16, 55, 194, 591, 1465]"
GBM-Grade IV-D1_2.jpg,GBM-Grade IV-D1.jpg,1.7297566233916704,5.584497792141803,0.01489779219136068,[256 128  64  32  16   8   4],"[1, 4, 13, 49, 171, 496, 1234]"
GBM-Grade IV-D1_3.jpg,GBM-Grade IV-D1.jpg,1.7090861449032266,5.725311242833139,0.012227141464916633,[256 128  64  32  16   8   4],"[1, 4, 15, 48, 166, 475, 1177]"
GBM-Grade IV-D1_4.jpg,GBM-Grade IV-D1.jpg,1.756871688407872,5.98084968119731,0.014962367790374562,[256 128  64  32  16   8   4],"[1, 4, 15, 55, 187, 571, 1363]"
GBM-Grade IV-D10.jpg,GBM-Grade IV-D10.jpg,1.8060133113673706,6.411394802257256,0.026284069565149188,[256 128  64  32  16   8   4],"[1, 4, 16, 61, 222, 696, 1584]"
GBM-Grade IV-D10_0.jpg,GBM-Grade IV-D10.jpg,1.6408694085830509,6.953455327626886,0.0412995740091168,[256 128  64  32  16   8   4],"[1, 4, 16, 62, 185, 431, 796]"
GBM-Grade IV-D10_1.jpg,GBM-Grade IV-D10.jpg,1.567021095525062,6.2496050546579935,0.03385886169804867,[256 128  64  32  16   8   4],"[1, 4, 16, 53, 150, 336, 625]"
GBM-Grade IV-D10_2.jpg,GBM-Grade IV-D10.jpg,1.5481361079465534,5.999078898755153,0.028998276096260402,[256 128  64  32  16   8   4],"[1, 4, 14, 49, 136, 309, 578]"
GBM-Grade IV-D10_3.jpg,GBM-Grade IV-D10.jpg,1.6192925421007804,6.964851149356511,0.03973029196558521,[256 128  64  32  16   8   4],"[1, 4, 16, 61, 185, 403, 724]"
GBM-Grade IV-D10_4.jpg,GBM-Grade IV-D10.jpg,1.6020435409214127,6.767827924781951,0.03838831236552266,[256 128  64  32  16   8   4],"[1, 4, 16, 54, 163, 382, 700]"
GBM-Grade IV-D2.jpg,GBM-Grade IV-D2.jpg,1.8183051710075626,6.021846843232664,0.023837386884896367,[256 128  64  32  16   8   4],"[1, 4, 16, 58, 210, 707, 1729]"
GBM-Grade IV-D2_0.jpg,GBM-Grade IV-D2.jpg,1.6884200327532495,6.622835131687789,0.020265000082601868,[256 128  64  32  16   8   4],"[1, 4, 16, 61, 196, 487, 979]"
GBM-Grade IV-D2_1.jpg,GBM-Grade IV-D2.jpg,1.5489074275498893,5.538980441088351,0.018953701381563368,[256 128  64  32  16   8   4],"[1, 4, 14, 49, 147, 314, 560]"
GBM-Grade IV-D2_2.jpg,GBM-Grade IV-D2.jpg,1.6407897664343045,5.909702166949591,0.016516782580529465,[256 128  64  32  16   8   4],"[1, 4, 15, 53, 173, 424, 805]"
GBM-Grade IV-D2_3.jpg,GBM-Grade IV-D2.jpg,1.6029212352949223,5.377245573225433,0.01506391086540071,[256 128  64  32  16   8   4],"[1, 4, 16, 49, 149, 373, 737]"
GBM-Grade IV-D2_4.jpg,GBM-Grade IV-D2.jpg,1.6920655011453674,6.564225640005061,0.019657443203112666,[256 128  64  32  16   8   4],"[1, 4, 16, 60, 200, 501, 977]"
GBM-Grade IV-D3.jpg,GBM-Grade IV-D3.jpg,1.8952606850588996,6.353064790408541,0.02940691423981998,[256 128  64  32  16   8   4],"[1, 4, 16, 61, 223, 805, 2557]"
GBM-Grade IV-D3_0.jpg,GBM-Grade IV-D3.jpg,1.7612185211684364,6.276454459374025,0.020824506431643616,[256 128  64  32  16   8   4],"[1, 4, 15, 53, 190, 587, 1369]"
GBM-Grade IV-D3_1.jpg,GBM-Grade IV-D3.jpg,1.7116109726409858,5.8793602263443185,0.02079602010892183,[256 128  64  32  16   8   4],"[1, 4, 15, 47, 163, 506, 1154]"
GBM-Grade IV-D3_2.jpg,GBM-Grade IV-D3.jpg,1.760904768257831,6.035051157128957,0.022010629741707834,[256 128  64  32  16   8   4],"[1, 4, 16, 52, 185, 586, 1410]"
GBM-Grade IV-D3_3.jpg,GBM-Grade IV-D3.jpg,1.7277823368561676,5.853028731167252,0.02065953903496813,[256 128  64  32  16   8   4],"[1, 4, 15, 48, 164, 521, 1254]"
GBM-Grade IV-D3_4.jpg,GBM-Grade IV-D3.jpg,1.7556527453643627,5.913517729877691,0.01949550463635221,[256 128  64  32  16   8   4],"[1, 4, 15, 51, 178, 561, 1391]"
GBM-Grade IV-D4.jpg,GBM-Grade IV-D4.jpg,1.8985359752980684,6.0702185307443965,0.03100042836894011,[256 128  64  32  16   8   4],"[1, 4, 16, 60, 214, 766, 2737]"
GBM-Grade IV-D4_0.jpg,GBM-Grade IV-D4.jpg,1.9046534097545158,6.724178469034604,0.03655445305791774,[256 128  64  32  16   8   4],"[1, 4, 16, 62, 224, 833, 2652]"
GBM-Grade IV-D4_1.jpg,GBM-Grade IV-D4.jpg,1.8657952541245084,6.304717991418605,0.03714041492660444,[256 128  64  32  16   8   4],"[1, 4, 16, 58, 203, 733, 2321]"
GBM-Grade IV-D4_2.jpg,GBM-Grade IV-D4.jpg,1.843925273666596,6.118564169413561,0.03615804270635957,[256 128  64  32  16   8   4],"[1, 4, 16, 56, 191, 686, 2149]"
GBM-Grade IV-D4_3.jpg,GBM-Grade IV-D4.jpg,1.8280421403475557,5.982119867674313,0.029953212363733994,[256 128  64  32  16   8   4],"[1, 4, 16, 53, 185, 661, 2009]"
GBM-Grade IV-D4_4.jpg,GBM-Grade IV-D4.jpg,1.8312175484808497,5.883908723762749,0.030167880628796273,[256 128  64  32  16   8   4],"[1, 4, 16, 52, 183, 663, 2054]"
GBM-Grade IV-D5.jpg,GBM-Grade IV-D5.jpg,1.8871253362532656,6.070972115746726,0.018810964647774833,[256 128  64  32  16   8   4],"[1, 4, 16, 59, 210, 772, 2545]"
GBM-Grade IV-D5_0.jpg,GBM-Grade IV-D5.jpg,1.7527135065293842,5.8422703278596595,0.02139808700939067,[256 128  64  32  16   8   4],"[1, 4, 15, 50, 172, 600, 1320]"
GBM-Grade IV-D5_1.jpg,GBM-Grade IV-D5.jpg,1.769490566964648,5.903845814295025,0.027025467875014697,[256 128  64  32  16   8   4],"[1, 4, 15, 51, 180, 616, 1424]"
GBM-Grade IV-D5_2.jpg,GBM-Grade IV-D5.jpg,1.737143607131552,5.425921226261964,0.021023827985791645,[256 128  64  32  16   8   4],"[1, 4, 14, 47, 161, 553, 1259]"
GBM-Grade IV-D5_3.jpg,GBM-Grade IV-D5.jpg,1.7730366392519126,6.262032975119065,0.02298318119768237,[256 128  64  32  16   8   4],"[1, 4, 15, 51, 193, 644, 1382]"
GBM-Grade IV-D5_4.jpg,GBM-Grade IV-D5.jpg,1.7838530113455295,6.162961803986014,0.02229126920612149,[256 128  64  32  16   8   4],"[1, 4, 15, 53, 195, 648, 1471]"
GBM-Grade IV-D6.jpg,GBM-Grade IV-D6.jpg,1.8709025186655195,5.56169134366711,0.013911285776180272,[256 128  64  32  16   8   4],"[1, 4, 16, 56, 198, 724, 2439]"
GBM-Grade IV-D6_0.jpg,GBM-Grade IV-D6.jpg,1.7367120369153337,5.180606955084689,0.014856709958609951,[256 128  64  32  16   8   4],"[1, 4, 14, 47, 158, 541, 1282]"
GBM-Grade IV-D6_1.jpg,GBM-Grade IV-D6.jpg,1.7624364197323272,5.197425646454744,0.012929567884352716,[256 128  64  32  16   8   4],"[1, 4, 16, 48, 166, 566, 1511]"
GBM-Grade IV-D6_2.jpg,GBM-Grade IV-D6.jpg,1.7746831909330145,5.5126344846233,0.016988131954340825,[256 128  64  32  16   8   4],"[1, 4, 15, 47, 176, 606, 1500]"
GBM-Grade IV-D6_3.jpg,GBM-Grade IV-D6.jpg,1.751616657812843,5.4458893524404335,0.015412794992036695,[256 128  64  32  16   8   4],"[1, 4, 14, 47, 167, 564, 1348]"
GBM-Grade IV-D6_4.jpg,GBM-Grade IV-D6.jpg,1.743010892910389,5.2957493493828025,0.015517982129256008,[256 128  64  32  16   8   4],"[1, 4, 15, 49, 167, 558, 1314]"
GBM-Grade IV-D7.jpg,GBM-Grade IV-D7.jpg,1.7903751919981412,6.04215874068635,0.044898146629156185,[256 128  64  32  16   8   4],"[1, 4, 16, 60, 219, 679, 1462]"
GBM-Grade IV-D7_0.jpg,GBM-Grade IV-D7.jpg,1.6358552057624103,6.234594497630379,0.0357281473958254,[256 128  64  32  16   8   4],"[1, 4, 16, 55, 175, 431, 785]"
GBM-Grade IV-D7_1.jpg,GBM-Grade IV-D7.jpg,1.593565593869228,5.434636710004541,0.028797123604089047,[256 128  64  32  16   8   4],"[1, 4, 15, 49, 158, 372, 667]"
GBM-Grade IV-D7_2.jpg,GBM-Grade IV-D7.jpg,1.6055645724546908,5.443623827719767,0.029704235956063627,[256 128  64  32  16   8   4],"[1, 4, 14, 51, 160, 374, 699]"
GBM-Grade IV-D7_3.jpg,GBM-Grade IV-D7.jpg,1.646070673152342,5.738348092443463,0.031114715484390508,[256 128  64  32  16   8   4],"[1, 4, 16, 54, 178, 442, 820]"
GBM-Grade IV-D7_4.jpg,GBM-Grade IV-D7.jpg,1.6269290554268607,5.631215247471285,0.03016005822338122,[256 128  64  32  16   8   4],"[1, 4, 15, 51, 169, 404, 766]"
GBM-Grade IV-D8.jpg,GBM-Grade IV-D8.jpg,1.779040756965687,6.196990349755946,0.03190917022255481,[256 128  64  32  16   8   4],"[1, 4, 16, 62, 221, 656, 1386]"
GBM-Grade IV-D8_0.jpg,GBM-Grade IV-D8.jpg,1.577000969439618,5.88336679671637,0.022584503709521267,[256 128  64  32  16   8   4],"[1, 4, 16, 51, 160, 355, 629]"
GBM-Grade IV-D8_1.jpg,GBM-Grade IV-D8.jpg,1.5715406819785498,5.948555735053217,0.02487795604642975,[256 128  64  32  16   8   4],"[1, 4, 15, 51, 157, 348, 606]"
GBM-Grade IV-D8_2.jpg,GBM-Grade IV-D8.jpg,1.5557724467521192,5.972274791293548,0.02344694768683732,[256 128  64  32  16   8   4],"[1, 4, 16, 51, 160, 343, 561]"
GBM-Grade IV-D8_3.jpg,GBM-Grade IV-D8.jpg,1.5764942969878724,5.783490602109504,0.022430172143814972,[256 128  64  32  16   8   4],"[1, 4, 14, 51, 150, 353, 615]"
GBM-Grade IV-D8_4.jpg,GBM-Grade IV-D8.jpg,1.605429783907899,6.281102338585765,0.026877894180601724,[256 128  64  32  16   8   4],"[1, 4, 16, 58, 179, 390, 684]"
GBM-Grade IV-D9.jpg,GBM-Grade IV-D9.jpg,1.8293233047359883,6.164820168040848,0.024673923478503668,[256 128  64  32  16   8   4],"[1, 4, 16, 61, 216, 734, 1794]"
GBM-Grade IV-D9_0.jpg,GBM-Grade IV-D9.jpg,1.6657309561342835,6.278061315128332,0.023856389057927585,[256 128  64  32  16   8   4],"[1, 4, 16, 55, 180, 455, 910]"
GBM-Grade IV-D9_1.jpg,GBM-Grade IV-D9.jpg,1.6450632919277977,6.210182605752648,0.025397950926881345,[256 128  64  32  16   8   4],"[1, 4, 16, 53, 172, 431, 838]"
GBM-Grade IV-D9_2.jpg,GBM-Grade IV-D9.jpg,1.6048378518788031,5.839978975466246,0.02316000008140774,[256 128  64  32  16   8   4],"[1, 4, 15, 47, 151, 370, 731]"
GBM-Grade IV-D9_3.jpg,GBM-Grade IV-D9.jpg,1.6123879274836628,6.43264348332411,0.029093566428683285,[256 128  64  32  16   8   4],"[1, 4, 15, 56, 181, 400, 686]"
GBM-Grade IV-D9_4.jpg,GBM-Grade IV-D9.jpg,1.6627582509642198,6.467789247133307,0.02566906440369433,[256 128  64  32  16   8   4],"[1, 4, 16, 59, 188, 470, 861]"
GBM-Grade IV-E1.jpg,GBM-Grade IV-E1.jpg,1.8332959473810075,6.0395556946059745,0.011999200775573905,[256 128  64  32  16   8   4],"[1, 4, 16, 63, 220, 708, 1874]"
GBM-Grade IV-E1_0.jpg,GBM-Grade IV-E1.jpg,1.833768278352511,7.024645529202009,0.024785097699989753,[256 128  64  32  16   8   4],"[1, 4, 16, 63, 234, 732, 1801]"
GBM-Grade IV-E1_1.jpg,GBM-Grade IV-E1.jpg,1.6305967953023839,5.833102309590358,0.01580546775630727,[256 128  64  32  16   8   4],"[1, 4, 15, 46, 146, 386, 849]"
GBM-Grade IV-E1_2.jpg,GBM-Grade IV-E1.jpg,1.7133160619088266,6.045676330447198,0.01309799304649871,[256 128  64  32  16   8   4],"[1, 4, 15, 52, 172, 495, 1163]"
GBM-Grade IV-E1_3.jpg,GBM-Grade IV-E1.jpg,1.6507756120709902,5.865962221304821,0.013609962183390677,[256 128  64  32  16   8   4],"[1, 4, 14, 50, 143, 403, 925]"
GBM-Grade IV-E1_4.jpg,GBM-Grade IV-E1.jpg,1.6401206877708365,5.467416845800254,0.017690120183468085,[256 128  64  32  16   8   4],"[1, 4, 14, 45, 138, 390, 893]"
GBM-Grade IV-E2.jpg,GBM-Grade IV-E2.jpg,1.6596670174920247,6.137723011468869,0.02131655553389431,[256 128  64  32  16   8   4],"[1, 4, 16, 61, 176, 436, 907]"
GBM-Grade IV-E2_0.jpg,GBM-Grade IV-E2.jpg,1.4166410354193422,6.302745708044695,0.02146661649066165,[256 128  64  32  16   8   4],"[1, 4, 13, 34, 85, 184, 398]"
GBM-Grade IV-E2_1.jpg,GBM-Grade IV-E2.jpg,1.4061862108641503,6.202273806284293,0.01993400850911552,[256 128  64  32  16   8   4],"[1, 4, 15, 39, 90, 189, 376]"
GBM-Grade IV-E2_2.jpg,GBM-Grade IV-E2.jpg,1.4117460121205412,6.327563243046883,0.02149640853719082,[256 128  64  32  16   8   4],"[1, 4, 13, 35, 82, 180, 396]"
GBM-Grade IV-E2_3.jpg,GBM-Grade IV-E2.jpg,1.37569256407468,5.817647983488161,0.01918434191493191,[256 128  64  32  16   8   4],"[1, 4, 13, 33, 74, 158, 354]"
GBM-Grade IV-E2_4.jpg,GBM-Grade IV-E2.jpg,1.4774519531402857,6.24027376448469,0.021286775611549527,[256 128  64  32  16   8   4],"[1, 4, 15, 44, 107, 243, 476]"
GBM-Grade IV-E3.jpg,GBM-Grade IV-E3.jpg,1.8772209507443822,6.411605901869532,0.024406538679354516,[256 128  64  32  16   8   4],"[1, 4, 16, 62, 229, 810, 2246]"
GBM-Grade IV-E3_0.jpg,GBM-Grade IV-E3.jpg,1.6849393640736863,5.985529441883931,0.026200283732533573,[256 128  64  32  16   8   4],"[1, 4, 15, 51, 175, 473, 992]"
GBM-Grade IV-E3_1.jpg,GBM-Grade IV-E3.jpg,1.6875083237366113,6.420254980047268,0.022618855168941878,[256 128  64  32  16   8   4],"[1, 4, 16, 56, 191, 492, 975]"
GBM-Grade IV-E3_2.jpg,GBM-Grade IV-E3.jpg,1.7168871496035045,6.479920379095326,0.030277771660544944,[256 128  64  32  16   8   4],"[1, 4, 16, 56, 198, 537, 1099]"
GBM-Grade IV-E3_3.jpg,GBM-Grade IV-E3.jpg,1.7604578095335377,6.8293183236648485,0.0359361963641113,[256 128  64  32  16   8   4],"[1, 4, 16, 61, 221, 603, 1300]"
GBM-Grade IV-E3_4.jpg,GBM-Grade IV-E3.jpg,1.688522628073753,5.795961800881008,0.02327316662857397,[256 128  64  32  16   8   4],"[1, 4, 15, 49, 172, 478, 1014]"
GBM-Grade IV-E4.jpg,GBM-Grade IV-E4.jpg,1.8758344814044683,6.21333754983801,0.022712839298847425,[256 128  64  32  16   8   4],"[1, 4, 16, 59, 217, 781, 2322]"
GBM-Grade IV-E4_0.jpg,GBM-Grade IV-E4.jpg,1.7937931263153946,6.456569580017672,0.036078133510997534,[256 128  64  32  16   8   4],"[1, 4, 15, 53, 196, 634, 1589]"
GBM-Grade IV-E4_1.jpg,GBM-Grade IV-E4.jpg,1.8166316226737174,6.652547988609361,0.026541150747207386,[256 128  64  32  16   8   4],"[1, 4, 16, 55, 207, 694, 1740]"
GBM-Grade IV-E4_2.jpg,GBM-Grade IV-E4.jpg,1.756389767235153,5.746319062808485,0.022413761966828778,[256 128  64  32  16   8   4],"[1, 4, 13, 47, 167, 546, 1386]"
GBM-Grade IV-E4_3.jpg,GBM-Grade IV-E4.jpg,1.7689542232529216,6.17204338755878,0.029663456828139027,[256 128  64  32  16   8   4],"[1, 4, 16, 54, 184, 589, 1483]"
GBM-Grade IV-E4_4.jpg,GBM-Grade IV-E4.jpg,1.7781452753930196,6.255585342075911,0.029757435308301605,[256 128  64  32  16   8   4],"[1, 4, 15, 52, 186, 600, 1516]"
GBM-Grade IV-E7.jpg,GBM-Grade IV-E7.jpg,1.8913292544711604,5.998924770341469,0.025788829430754084,[256 128  64  32  16   8   4],"[1, 4, 16, 59, 207, 761, 2653]"
GBM-Grade IV-E7_0.jpg,GBM-Grade IV-E7.jpg,1.8408922965292978,6.1138577383170665,0.017721941380607214,[256 128  64  32  16   8   4],"[1, 4, 16, 58, 204, 712, 2011]"
GBM-Grade IV-E7_1.jpg,GBM-Grade IV-E7.jpg,1.7808411571803457,5.243761194920462,0.016317595764779494,[256 128  64  32  16   8   4],"[1, 4, 13, 48, 158, 558, 1630]"
GBM-Grade IV-E7_2.jpg,GBM-Grade IV-E7.jpg,1.7919389439537996,5.519813018697644,0.023991948131049944,[256 128  64  32  16   8   4],"[1, 4, 15, 50, 172, 597, 1707]"
GBM-Grade IV-E7_3.jpg,GBM-Grade IV-E7.jpg,1.7861991210824368,5.335943215497505,0.015116394481252831,[256 128  64  32  16   8   4],"[1, 4, 15, 48, 169, 585, 1677]"
GBM-Grade IV-E7_4.jpg,GBM-Grade IV-E7.jpg,1.8224551665244433,5.745611286425386,0.016743804659166174,[256 128  64  32  16   8   4],"[1, 4, 16, 52, 187, 665, 1923]"
GBM-Grade IV-E8.jpg,GBM-Grade IV-E8.jpg,1.9136859931633652,6.241874180807147,0.028248025073902294,[256 128  64  32  16   8   4],"[1, 4, 16, 60, 215, 805, 2916]"
GBM-Grade IV-E8_0.jpg,GBM-Grade IV-E8.jpg,1.8616071873264621,6.367263201845167,0.026900142021339783,[256 128  64  32  16   8   4],"[1, 4, 16, 58, 204, 741, 2239]"
GBM-Grade IV-E8_1.jpg,GBM-Grade IV-E8.jpg,1.804534110412746,5.645743395907672,0.023596095215417126,[256 128  64  32  16   8   4],"[1, 4, 14, 49, 168, 599, 1820]"
GBM-Grade IV-E8_2.jpg,GBM-Grade IV-E8.jpg,1.8491885797345078,6.2867058606784765,0.027032513728149975,[256 128  64  32  16   8   4],"[1, 4, 15, 53, 194, 697, 2142]"
GBM-Grade IV-E8_3.jpg,GBM-Grade IV-E8.jpg,1.8742813681677495,6.476765963822805,0.026025338488472834,[256 128  64  32  16   8   4],"[1, 4, 16, 55, 208, 763, 2368]"
GBM-Grade IV-E8_4.jpg,GBM-Grade IV-E8.jpg,1.8415224989094776,6.089227994920734,0.02660320950087021,[256 128  64  32  16   8   4],"[1, 4, 16, 54, 194, 707, 2063]"
GBM-Grade IV-F1.jpg,GBM-Grade IV-F1.jpg,1.8982146037448893,6.46186565554791,0.03566263441666058,[256 128  64  32  16   8   4],"[1, 4, 16, 62, 228, 789, 2622]"
GBM-Grade IV-F1_0.jpg,GBM-Grade IV-F1.jpg,1.897193920681645,6.908047177736326,0.02968138043927253,[256 128  64  32  16   8   4],"[1, 4, 16, 62, 232, 820, 2524]"
GBM-Grade IV-F1_1.jpg,GBM-Grade IV-F1.jpg,1.7995209594392927,6.240511861019249,0.03160810277561236,[256 128  64  32  16   8   4],"[1, 4, 15, 53, 186, 612, 1718]"
GBM-Grade IV-F1_2.jpg,GBM-Grade IV-F1.jpg,1.8350544746967508,6.258116460822971,0.02723985199738141,[256 128  64  32  16   8   4],"[1, 4, 16, 54, 195, 679, 2029]"
GBM-Grade IV-F1_3.jpg,GBM-Grade IV-F1.jpg,1.7927427434072376,5.94792297230728,0.024339769149105912,[256 128  64  32  16   8   4],"[1, 4, 15, 47, 168, 582, 1759]"
GBM-Grade IV-F1_4.jpg,GBM-Grade IV-F1.jpg,1.82609664682081,6.361921486914832,0.022684349494929677,[256 128  64  32  16   8   4],"[1, 4, 15, 54, 186, 656, 1948]"
GBM-Grade IV-F10.jpg,GBM-Grade IV-F10.jpg,1.9036116648857522,6.476189793848163,0.04992021995843894,[256 128  64  32  16   8   4],"[1, 4, 16, 59, 217, 793, 2751]"
GBM-Grade IV-F10_0.jpg,GBM-Grade IV-F10.jpg,1.8353829032041915,6.308614061452112,0.044571961291451724,[256 128  64  32  16   8   4],"[1, 4, 15, 52, 187, 673, 2030]"
GBM-Grade IV-F10_1.jpg,GBM-Grade IV-F10.jpg,1.8452722398483576,6.400926908633527,0.046031373529923904,[256 128  64  32  16   8   4],"[1, 4, 15, 53, 189, 688, 2125]"
GBM-Grade IV-F10_2.jpg,GBM-Grade IV-F10.jpg,1.8387187900221897,6.468875494603103,0.04525851068850202,[256 128  64  32  16   8   4],"[1, 4, 15, 52, 192, 678, 2046]"
GBM-Grade IV-F10_3.jpg,GBM-Grade IV-F10.jpg,1.8068435771587357,5.828163119800785,0.03854003634148626,[256 128  64  32  16   8   4],"[1, 4, 15, 47, 164, 605, 1893]"
GBM-Grade IV-F10_4.jpg,GBM-Grade IV-F10.jpg,1.854364071581558,6.409540594441008,0.04506503422531197,[256 128  64  32  16   8   4],"[1, 4, 14, 52, 193, 702, 2158]"
GBM-Grade IV-F2.jpg,GBM-Grade IV-F2.jpg,1.8707169203483844,6.062295253518185,0.020927041375538948,[256 128  64  32  16   8   4],"[1, 4, 16, 59, 211, 763, 2303]"
GBM-Grade IV-F2_0.jpg,GBM-Grade IV-F2.jpg,1.7308388683429954,6.066834537253146,0.013548308165057529,[256 128  64  32  16   8   4],"[1, 4, 15, 52, 186, 537, 1202]"
GBM-Grade IV-F2_1.jpg,GBM-Grade IV-F2.jpg,1.7287963490204472,5.9364200295585405,0.013320229900833156,[256 128  64  32  16   8   4],"[1, 4, 15, 54, 188, 537, 1182]"
GBM-Grade IV-F2_2.jpg,GBM-Grade IV-F2.jpg,1.678585060442207,4.938923757518922,0.010661264308630278,[256 128  64  32  16   8   4],"[1, 4, 13, 42, 147, 449, 996]"
GBM-Grade IV-F2_3.jpg,GBM-Grade IV-F2.jpg,1.7513845792656095,5.940918038181092,0.014241262531599606,[256 128  64  32  16   8   4],"[1, 4, 16, 54, 192, 579, 1320]"
GBM-Grade IV-F2_4.jpg,GBM-Grade IV-F2.jpg,1.6811487957645899,5.298770005671723,0.01131263498166021,[256 128  64  32  16   8   4],"[1, 4, 14, 46, 159, 460, 995]"
GBM-Grade IV-F3.jpg,GBM-Grade IV-F3.jpg,1.8899103954126575,6.296545842261407,0.024732428004797104,[256 128  64  32  16   8   4],"[1, 4, 16, 61, 220, 809, 2473]"
GBM-Grade IV-F3_0.jpg,GBM-Grade IV-F3.jpg,1.7333775237175202,5.988713293217576,0.016729577166123517,[256 128  64  32  16   8   4],"[1, 4, 16, 54, 199, 595, 1140]"
GBM-Grade IV-F3_1.jpg,GBM-Grade IV-F3.jpg,1.756280610772596,6.458553901233268,0.01826352510159669,[256 128  64  32  16   8   4],"[1, 4, 16, 60, 219, 651, 1206]"
GBM-Grade IV-F3_2.jpg,GBM-Grade IV-F3.jpg,1.6922195420462574,5.430757778596046,0.013753049256438245,[256 128  64  32  16   8   4],"[1, 4, 14, 49, 167, 499, 996]"
GBM-Grade IV-F3_3.jpg,GBM-Grade IV-F3.jpg,1.6635249874231217,5.34226356888343,0.013537283592188011,[256 128  64  32  16   8   4],"[1, 4, 15, 45, 166, 473, 879]"
GBM-Grade IV-F3_4.jpg,GBM-Grade IV-F3.jpg,1.732905463062052,5.920749342688947,0.016857649178111243,[256 128  64  32  16   8   4],"[1, 4, 16, 54, 195, 589, 1152]"
GBM-Grade IV-F4.jpg,GBM-Grade IV-F4.jpg,1.8879886382821018,6.12892631775583,0.023189406645016578,[256 128  64  32  16   8   4],"[1, 4, 16, 60, 218, 805, 2458]"
GBM-Grade IV-F4_0.jpg,GBM-Grade IV-F4.jpg,1.747751110351927,5.69338901696787,0.020134173484197673,[256 128  64  32  16   8   4],"[1, 4, 14, 50, 178, 570, 1278]"
GBM-Grade IV-F4_1.jpg,GBM-Grade IV-F4.jpg,1.754235620485015,5.92072617168182,0.020173949002019152,[256 128  64  32  16   8   4],"[1, 4, 15, 52, 186, 604, 1293]"
GBM-Grade IV-F4_2.jpg,GBM-Grade IV-F4.jpg,1.7566618812484018,5.94503912526836,0.026800326432364588,[256 128  64  32  16   8   4],"[1, 4, 15, 51, 184, 598, 1327]"
GBM-Grade IV-F4_3.jpg,GBM-Grade IV-F4.jpg,1.7110302217738065,5.100754466954794,0.017204298558476307,[256 128  64  32  16   8   4],"[1, 4, 14, 44, 153, 511, 1140]"
GBM-Grade IV-F4_4.jpg,GBM-Grade IV-F4.jpg,1.7358427012286488,5.612168761768394,0.014605665316503924,[256 128  64  32  16   8   4],"[1, 4, 15, 50, 181, 563, 1214]"
GBM-Grade IV-F6.jpg,GBM-Grade IV-F6.jpg,1.8926534627003575,5.61309290741598,0.011801156809110237,[256 128  64  32  16   8   4],"[1, 4, 16, 58, 216, 791, 2571]"
GBM-Grade IV-F6_0.jpg,GBM-Grade IV-F6.jpg,1.7888873130566507,5.445402187076008,0.013271922448722506,[256 128  64  32  16   8   4],"[1, 4, 15, 51, 183, 614, 1609]"
GBM-Grade IV-F6_1.jpg,GBM-Grade IV-F6.jpg,1.788590613630446,5.525091197500591,0.012877104290066941,[256 128  64  32  16   8   4],"[1, 4, 15, 52, 184, 614, 1603]"
GBM-Grade IV-F6_2.jpg,GBM-Grade IV-F6.jpg,1.8353727747295412,6.076324008237546,0.01431242827420153,[256 128  64  32  16   8   4],"[1, 4, 16, 58, 211, 722, 1901]"
GBM-Grade IV-F6_3.jpg,GBM-Grade IV-F6.jpg,1.789686496394176,5.350239793752208,0.013068413988761605,[256 128  64  32  16   8   4],"[1, 4, 15, 50, 185, 612, 1615]"
GBM-Grade IV-F6_4.jpg,GBM-Grade IV-F6.jpg,1.8219598240762207,5.804797882336568,0.014726107119240446,[256 128  64  32  16   8   4],"[1, 4, 16, 56, 202, 682, 1837]"
GBM-Grade IV-F7.jpg,GBM-Grade IV-F7.jpg,1.8023027580851656,5.965486262566069,0.02379785052029549,[256 128  64  32  16   8   4],"[1, 4, 16, 58, 206, 672, 1623]"
GBM-Grade IV-F7_0.jpg,GBM-Grade IV-F7.jpg,1.6549010114978535,5.983677542313243,0.022952238058922575,[256 128  64  32  16   8   4],"[1, 4, 16, 52, 168, 452, 872]"
GBM-Grade IV-F7_1.jpg,GBM-Grade IV-F7.jpg,1.65272257544918,6.262932886690971,0.0249521485356893,[256 128  64  32  16   8   4],"[1, 4, 15, 55, 176, 442, 841]"
GBM-Grade IV-F7_2.jpg,GBM-Grade IV-F7.jpg,1.579485484195778,5.794672416081704,0.021148556864724374,[256 128  64  32  16   8   4],"[1, 4, 15, 49, 154, 353, 636]"
GBM-Grade IV-F7_3.jpg,GBM-Grade IV-F7.jpg,1.6260145975735838,5.498398223447079,0.02008543189875387,[256 128  64  32  16   8   4],"[1, 4, 15, 48, 150, 388, 814]"
GBM-Grade IV-F7_4.jpg,GBM-Grade IV-F7.jpg,1.638421011696246,5.9021957632127435,0.02105209460983683,[256 128  64  32  16   8   4],"[1, 4, 15, 51, 165, 406, 829]"
GBM-Grade IV-F8.jpg,GBM-Grade IV-F8.jpg,1.727498139657764,5.4511352813525,0.02377498041021971,[256 128  64  32  16   8   4],"[1, 4, 16, 52, 169, 509, 1286]"
GBM-Grade IV-F8_0.jpg,GBM-Grade IV-F8.jpg,1.4626727318615462,4.538592687680192,0.020473089902128507,[256 128  64  32  16   8   4],"[1, 4, 10, 32, 89, 218, 432]"
GBM-Grade IV-F8_1.jpg,GBM-Grade IV-F8.jpg,1.5934009350796723,5.33728501557861,0.023279749253664484,[256 128  64  32  16   8   4],"[1, 4, 16, 46, 125, 343, 777]"
GBM-Grade IV-F8_2.jpg,GBM-Grade IV-F8.jpg,1.5843708257350952,5.51272306750054,0.02526350236720863,[256 128  64  32  16   8   4],"[1, 4, 15, 43, 123, 328, 743]"
GBM-Grade IV-F8_3.jpg,GBM-Grade IV-F8.jpg,1.5401650942721352,4.611506062639232,0.016136544226143325,[256 128  64  32  16   8   4],"[1, 4, 12, 40, 106, 278, 608]"
GBM-Grade IV-F8_4.jpg,GBM-Grade IV-F8.jpg,1.6674272069693057,6.435849376297073,0.029813943195073474,[256 128  64  32  16   8   4],"[1, 4, 16, 53, 161, 441, 975]"
GBM-Grade IV-F9.jpg,GBM-Grade IV-F9.jpg,1.8892739906483431,6.27726541466016,0.038380149348360884,[256 128  64  32  16   8   4],"[1, 4, 16, 59, 211, 770, 2581]"
GBM-Grade IV-F9_0.jpg,GBM-Grade IV-F9.jpg,1.792789987387506,5.986385451577898,0.0370555498433978,[256 128  64  32  16   8   4],"[1, 4, 15, 49, 180, 622, 1645]"
GBM-Grade IV-F9_1.jpg,GBM-Grade IV-F9.jpg,1.7641365262208653,5.311541422919096,0.039169269936408374,[256 128  64  32  16   8   4],"[1, 4, 12, 41, 153, 536, 1479]"
GBM-Grade IV-F9_2.jpg,GBM-Grade IV-F9.jpg,1.802013904699912,5.952919687182529,0.039195874685519445,[256 128  64  32  16   8   4],"[1, 4, 16, 55, 187, 638, 1732]"
GBM-Grade IV-F9_3.jpg,GBM-Grade IV-F9.jpg,1.7597403240346352,5.388747177286405,0.03618666568787396,[256 128  64  32  16   8   4],"[1, 4, 15, 46, 154, 551, 1517]"
GBM-Grade IV-F9_4.jpg,GBM-Grade IV-F9.jpg,1.8111092612325683,6.025715286621788,0.03844984269391954,[256 128  64  32  16   8   4],"[1, 4, 16, 54, 190, 652, 1801]"
GBM-Grade IV-G1.jpg,GBM-Grade IV-G1.jpg,1.888157556206125,6.111290606647151,0.01652373387373772,[256 128  64  32  16   8   4],"[1, 4, 16, 59, 210, 783, 2538]"
GBM-Grade IV-G1_0.jpg,GBM-Grade IV-G1.jpg,1.685519156683985,5.626518849896062,0.01949617964514358,[256 128  64  32  16   8   4],"[1, 4, 14, 43, 155, 476, 1009]"
GBM-Grade IV-G1_1.jpg,GBM-Grade IV-G1.jpg,1.6794506583281947,5.065067669761684,0.016806674606863255,[256 128  64  32  16   8   4],"[1, 4, 12, 42, 147, 467, 950]"
GBM-Grade IV-G1_2.jpg,GBM-Grade IV-G1.jpg,1.6911507548730067,5.655355831576593,0.018441817256064086,[256 128  64  32  16   8   4],"[1, 4, 15, 45, 163, 500, 1019]"
GBM-Grade IV-G1_3.jpg,GBM-Grade IV-G1.jpg,1.7962293869357597,6.6044241548976075,0.025069248209627394,[256 128  64  32  16   8   4],"[1, 4, 16, 59, 218, 689, 1506]"
GBM-Grade IV-G1_4.jpg,GBM-Grade IV-G1.jpg,1.6848488517116518,5.377770852144787,0.018049505180328565,[256 128  64  32  16   8   4],"[1, 4, 14, 43, 151, 482, 1005]"
GBM-Grade IV-G10.jpg,GBM-Grade IV-G10.jpg,1.833189951137527,6.173473997148259,0.024625508676838014,[256 128  64  32  16   8   4],"[1, 4, 16, 61, 212, 731, 1856]"
GBM-Grade IV-G10_0.jpg,GBM-Grade IV-G10.jpg,1.5744127704175108,5.848418310240527,0.028966023826080614,[256 128  64  32  16   8   4],"[1, 4, 14, 48, 158, 356, 593]"
GBM-Grade IV-G10_1.jpg,GBM-Grade IV-G10.jpg,1.5258878920010288,5.334853361717258,0.02526702141839775,[256 128  64  32  16   8   4],"[1, 4, 14, 44, 138, 300, 508]"
GBM-Grade IV-G10_2.jpg,GBM-Grade IV-G10.jpg,1.5409174598922408,5.827944132994744,0.027336002490601308,[256 128  64  32  16   8   4],"[1, 4, 16, 52, 151, 321, 543]"
GBM-Grade IV-G10_3.jpg,GBM-Grade IV-G10.jpg,1.5315781214304558,5.28094433383204,0.02486935413957112,[256 128  64  32  16   8   4],"[1, 4, 12, 41, 130, 298, 513]"
GBM-Grade IV-G10_4.jpg,GBM-Grade IV-G10.jpg,1.539038766646147,5.537128172398596,0.019058688862983515,[256 128  64  32  16   8   4],"[1, 4, 15, 49, 148, 328, 521]"
GBM-Grade IV-G2.jpg,GBM-Grade IV-G2.jpg,1.7531023822141705,5.976954612697325,0.022934318514823585,[256 128  64  32  16   8   4],"[1, 4, 16, 61, 210, 593, 1275]"
GBM-Grade IV-G2_0.jpg,GBM-Grade IV-G2.jpg,1.5760512881838455,5.307067104234881,0.018105831392926323,[256 128  64  32  16   8   4],"[1, 4, 14, 46, 140, 328, 659]"
GBM-Grade IV-G2_1.jpg,GBM-Grade IV-G2.jpg,1.6453784596698322,6.587381581287398,0.02484343503537672,[256 128  64  32  16   8   4],"[1, 4, 16, 60, 189, 430, 815]"
GBM-Grade IV-G2_2.jpg,GBM-Grade IV-G2.jpg,1.5933763217306336,5.70586065843643,0.019533415627843918,[256 128  64  32  16   8   4],"[1, 4, 14, 49, 155, 348, 685]"
GBM-Grade IV-G2_3.jpg,GBM-Grade IV-G2.jpg,1.619236025325436,6.141229239370141,0.022448535077275573,[256 128  64  32  16   8   4],"[1, 4, 15, 57, 169, 387, 750]"
GBM-Grade IV-G2_4.jpg,GBM-Grade IV-G2.jpg,1.5719296699751875,5.06506942864049,0.017745460480528927,[256 128  64  32  16   8   4],"[1, 4, 14, 44, 137, 329, 645]"
GBM-Grade IV-G3.jpg,GBM-Grade IV-G3.jpg,1.607807523464457,6.120009374948388,0.02162695806520886,[256 128  64  32  16   8   4],"[1, 4, 16, 59, 184, 386, 693]"
GBM-Grade IV-G3_0.jpg,GBM-Grade IV-G3.jpg,1.4156556489379277,6.234908072744719,0.02298090339266538,[256 128  64  32  16   8   4],"[1, 4, 14, 39, 91, 187, 392]"
GBM-Grade IV-G3_1.jpg,GBM-Grade IV-G3.jpg,1.3690423016550881,5.435321430025357,0.01891522720208306,[256 128  64  32  16   8   4],"[1, 4, 12, 34, 84, 163, 310]"
GBM-Grade IV-G3_2.jpg,GBM-Grade IV-G3.jpg,1.4478985668642188,5.794450323076385,0.019328182782545424,[256 128  64  32  16   8   4],"[1, 4, 15, 49, 106, 218, 424]"
GBM-Grade IV-G3_3.jpg,GBM-Grade IV-G3.jpg,1.37222768652742,6.218511589077141,0.02317729523777819,[256 128  64  32  16   8   4],"[1, 4, 14, 38, 89, 169, 319]"
GBM-Grade IV-G3_4.jpg,GBM-Grade IV-G3.jpg,1.3858566613811767,5.463084219668382,0.018167272649087907,[256 128  64  32  16   8   4],"[1, 4, 15, 41, 82, 181, 350]"
GBM-Grade IV-G4.jpg,GBM-Grade IV-G4.jpg,1.4147743231050227,5.949941267175941,0.02144825509667295,[256 128  64  32  16   8   4],"[1, 4, 16, 57, 132, 217, 326]"
GBM-Grade IV-G4_0.jpg,GBM-Grade IV-G4.jpg,1.102016357131952,5.291541109523879,0.021464615133828798,[256 128  64  32  16   8   4],"[1, 4, 12, 23, 43, 70, 121]"
GBM-Grade IV-G4_1.jpg,GBM-Grade IV-G4.jpg,1.1536402004983515,5.319344006361019,0.021616874194181332,[256 128  64  32  16   8   4],"[1, 4, 13, 26, 50, 85, 145]"
GBM-Grade IV-G4_2.jpg,GBM-Grade IV-G4.jpg,1.097186239077173,5.427629669779937,0.018619165981146223,[256 128  64  32  16   8   4],"[1, 4, 13, 22, 41, 73, 119]"
GBM-Grade IV-G4_3.jpg,GBM-Grade IV-G4.jpg,1.1192077332494488,5.266284166125239,0.02121151280466785,[256 128  64  32  16   8   4],"[1, 4, 12, 27, 45, 77, 125]"
GBM-Grade IV-G4_4.jpg,GBM-Grade IV-G4.jpg,1.279864304656748,5.92006622435431,0.02054251408811709,[256 128  64  32  16   8   4],"[1, 4, 13, 39, 73, 129, 219]"
GBM-Grade IV-G5.jpg,GBM-Grade IV-G5.jpg,1.8456720100576123,6.0689583494021795,0.019862431870552318,[256 128  64  32  16   8   4],"[1, 4, 16, 60, 219, 765, 1931]"
GBM-Grade IV-G5_0.jpg,GBM-Grade IV-G5.jpg,1.6887623409319301,6.207466512068835,0.016083759561907274,[256 128  64  32  16   8   4],"[1, 4, 16, 58, 190, 491, 986]"
GBM-Grade IV-G5_1.jpg,GBM-Grade IV-G5.jpg,1.6027532971165714,5.452263934934889,0.012665453520518535,[256 128  64  32  16   8   4],"[1, 4, 15, 45, 145, 367, 735]"
GBM-Grade IV-G5_2.jpg,GBM-Grade IV-G5.jpg,1.6728103676468276,6.193903872669095,0.01645992026950191,[256 128  64  32  16   8   4],"[1, 4, 16, 54, 180, 481, 918]"
GBM-Grade IV-G5_3.jpg,GBM-Grade IV-G5.jpg,1.643432447159696,5.457065566581464,0.012836755466938563,[256 128  64  32  16   8   4],"[1, 4, 16, 51, 167, 429, 840]"
GBM-Grade IV-G5_4.jpg,GBM-Grade IV-G5.jpg,1.6007670484874414,5.620017811013432,0.023583419581196217,[256 128  64  32  16   8   4],"[1, 4, 15, 47, 151, 370, 712]"
GBM-Grade IV-G6.jpg,GBM-Grade IV-G6.jpg,1.8045171718197137,5.785343738967711,0.017272235737839314,[256 128  64  32  16   8   4],"[1, 4, 16, 59, 209, 688, 1613]"
GBM-Grade IV-G6_0.jpg,GBM-Grade IV-G6.jpg,1.6217664223710884,5.611225206509963,0.01640725633010936,[256 128  64  32  16   8   4],"[1, 4, 14, 50, 163, 378, 766]"
GBM-Grade IV-G6_1.jpg,GBM-Grade IV-G6.jpg,1.647737775781164,5.993480040054527,0.025117659627977258,[256 128  64  32  16   8   4],"[1, 4, 16, 54, 172, 416, 873]"
GBM-Grade IV-G6_2.jpg,GBM-Grade IV-G6.jpg,1.6142609241846169,6.187590258462387,0.018349657333793956,[256 128  64  32  16   8   4],"[1, 4, 16, 54, 173, 392, 730]"
GBM-Grade IV-G6_3.jpg,GBM-Grade IV-G6.jpg,1.6155205572801388,5.883373280541419,0.017251077332595236,[256 128  64  32  16   8   4],"[1, 4, 14, 52, 152, 378, 753]"
GBM-Grade IV-G6_4.jpg,GBM-Grade IV-G6.jpg,1.622971749739994,6.417559694198835,0.02710823816940709,[256 128  64  32  16   8   4],"[1, 4, 16, 56, 174, 402, 758]"
GBM-Grade IV-G7.jpg,GBM-Grade IV-G7.jpg,1.9018320308247099,5.758281941908008,0.01699509092044112,[256 128  64  32  16   8   4],"[1, 4, 16, 60, 210, 763, 2821]"
GBM-Grade IV-G7_0.jpg,GBM-Grade IV-G7.jpg,1.8477508181574018,5.811262303128204,0.01687418055247766,[256 128  64  32  16   8   4],"[1, 4, 15, 51, 193, 693, 2134]"
GBM-Grade IV-G7_1.jpg,GBM-Grade IV-G7.jpg,1.8430723814273153,5.811922257553137,0.017035317802236785,[256 128  64  32  16   8   4],"[1, 4, 16, 54, 192, 695, 2115]"
GBM-Grade IV-G7_2.jpg,GBM-Grade IV-G7.jpg,1.8177599771224986,5.57224014465687,0.01493054016930683,[256 128  64  32  16   8   4],"[1, 4, 15, 48, 175, 632, 1931]"
GBM-Grade IV-G7_3.jpg,GBM-Grade IV-G7.jpg,1.823621701675136,5.6559846240633584,0.01635740244678592,[256 128  64  32  16   8   4],"[1, 4, 16, 54, 182, 655, 1975]"
GBM-Grade IV-G7_4.jpg,GBM-Grade IV-G7.jpg,1.7705954817283651,4.89592115812758,0.013126484737011177,[256 128  64  32  16   8   4],"[1, 4, 12, 41, 148, 524, 1583]"
GBM-Grade IV-G8.jpg,GBM-Grade IV-G8.jpg,1.8714191418884376,5.626360629861381,0.013646451440547318,[256 128  64  32  16   8   4],"[1, 4, 16, 57, 203, 733, 2407]"
GBM-Grade IV-G8_0.jpg,GBM-Grade IV-G8.jpg,1.7953382827926194,5.776464306009357,0.01519198096676623,[256 128  64  32  16   8   4],"[1, 4, 15, 54, 188, 636, 1624]"
GBM-Grade IV-G8_1.jpg,GBM-Grade IV-G8.jpg,1.8472704320555455,6.3918301686514996,0.020082527723998513,[256 128  64  32  16   8   4],"[1, 4, 16, 59, 219, 750, 1977]"
GBM-Grade IV-G8_2.jpg,GBM-Grade IV-G8.jpg,1.7659349273644154,5.594049467567369,0.01701688290049861,[256 128  64  32  16   8   4],"[1, 4, 15, 49, 180, 584, 1442]"
GBM-Grade IV-G8_3.jpg,GBM-Grade IV-G8.jpg,1.7876912849167146,5.7366794778709,0.017088881356762183,[256 128  64  32  16   8   4],"[1, 4, 16, 53, 193, 619, 1594]"
GBM-Grade IV-G8_4.jpg,GBM-Grade IV-G8.jpg,1.8006896326794288,6.062592519585437,0.018195762538056028,[256 128  64  32  16   8   4],"[1, 4, 16, 55, 201, 651, 1654]"
GBM-Grade IV-G9.jpg,GBM-Grade IV-G9.jpg,1.8578134086656584,6.123034705744042,0.024718046594635557,[256 128  64  32  16   8   4],"[1, 4, 16, 59, 205, 732, 2199]"
GBM-Grade IV-G9_0.jpg,GBM-Grade IV-G9.jpg,1.675597399256232,5.8433084367984405,0.02646352606475065,[256 128  64  32  16   8   4],"[1, 4, 14, 48, 154, 458, 973]"
GBM-Grade IV-G9_1.jpg,GBM-Grade IV-G9.jpg,1.7431146532135244,6.589948669537209,0.03142076351721213,[256 128  64  32  16   8   4],"[1, 4, 16, 59, 197, 567, 1258]"
GBM-Grade IV-G9_2.jpg,GBM-Grade IV-G9.jpg,1.679177218305075,6.030805435352285,0.028200532211937208,[256 128  64  32  16   8   4],"[1, 4, 15, 50, 162, 460, 999]"
GBM-Grade IV-G9_3.jpg,GBM-Grade IV-G9.jpg,1.665285303309953,5.647978906098112,0.023749679340915278,[256 128  64  32  16   8   4],"[1, 4, 15, 49, 155, 439, 956]"
GBM-Grade IV-G9_4.jpg,GBM-Grade IV-G9.jpg,1.6214017993481753,5.117897572582775,0.02451828736517349,[256 128  64  32  16   8   4],"[1, 4, 11, 38, 124, 354, 807]"
Normal cebellum-1.jpg,Normal cebellum-1.jpg,1.634960435826922,5.583852712804111,0.007426872774750211,[256 128  64  32  16   8   4],"[1, 4, 16, 60, 185, 422, 777]"
Normal cebellum-1_0.jpg,Normal cebellum-1.jpg,1.452692239118346,5.297534878917979,0.012490342753590096,[256 128  64  32  16   8   4],"[1, 4, 15, 45, 111, 228, 418]"
Normal cebellum-1_1.jpg,Normal cebellum-1.jpg,1.4721010739802727,6.221670471547487,0.01359546264379831,[256 128  64  32  16   8   4],"[1, 4, 15, 50, 120, 237, 450]"
Normal cebellum-1_2.jpg,Normal cebellum-1.jpg,1.4771030408483554,5.5435545001535935,0.012015829538750198,[256 128  64  32  16   8   4],"[1, 4, 15, 48, 114, 243, 465]"
Normal cebellum-1_3.jpg,Normal cebellum-1.jpg,1.4960519196617852,6.360281934592017,0.012258902448531346,[256 128  64  32  16   8   4],"[1, 4, 16, 55, 127, 265, 489]"
Normal cebellum-1_4.jpg,Normal cebellum-1.jpg,1.481808024611239,5.676531646013329,0.011464674850525294,[256 128  64  32  16   8   4],"[1, 4, 14, 46, 117, 241, 467]"
Normal cebellum-10.jpg,Normal cebellum-10.jpg,1.6353779402829671,5.476894552764601,0.009937221841300319,[256 128  64  32  16   8   4],"[1, 4, 16, 57, 190, 440, 751]"
Normal cebellum-10_0.jpg,Normal cebellum-10.jpg,1.362837222742012,5.56367944920814,0.013466877190178451,[256 128  64  32  16   8   4],"[1, 4, 14, 34, 81, 168, 311]"
Normal cebellum-10_1.jpg,Normal cebellum-10.jpg,1.4279706657101656,5.985862484394222,0.014525042344728489,[256 128  64  32  16   8   4],"[1, 4, 16, 50, 102, 208, 398]"
Normal cebellum-10_2.jpg,Normal cebellum-10.jpg,1.3250153232015425,5.28632926603111,0.011005547117907688,[256 128  64  32  16   8   4],"[1, 4, 15, 36, 80, 145, 276]"
Normal cebellum-10_3.jpg,Normal cebellum-10.jpg,1.3685156887014567,5.981315900731975,0.013181863271974188,[256 128  64  32  16   8   4],"[1, 4, 14, 39, 90, 166, 314]"
Normal cebellum-10_4.jpg,Normal cebellum-10.jpg,1.342273954876985,5.567443620060474,0.012248554532858938,[256 128  64  32  16   8   4],"[1, 4, 15, 36, 80, 160, 289]"
Normal cebellum-3.jpg,Normal cebellum-3.jpg,1.7127333008042205,5.231760853636961,0.007455558037679216,[256 128  64  32  16   8   4],"[1, 4, 16, 59, 193, 521, 1101]"
Normal cebellum-3_0.jpg,Normal cebellum-3.jpg,1.5746250693357011,5.592918725563245,0.012659707681249929,[256 128  64  32  16   8   4],"[1, 4, 16, 44, 127, 324, 711]"
Normal cebellum-3_1.jpg,Normal cebellum-3.jpg,1.5210602327915912,5.139822302499976,0.017925131506846867,[256 128  64  32  16   8   4],"[1, 4, 14, 42, 114, 265, 570]"
Normal cebellum-3_2.jpg,Normal cebellum-3.jpg,1.5310210437369365,4.876679658385946,0.013215401555982578,[256 128  64  32  16   8   4],"[1, 4, 14, 42, 112, 272, 601]"
Normal cebellum-3_3.jpg,Normal cebellum-3.jpg,1.5643338022610982,5.6687365142710195,0.010739296178680196,[256 128  64  32  16   8   4],"[1, 4, 16, 49, 123, 313, 688]"
Normal cebellum-3_4.jpg,Normal cebellum-3.jpg,1.5363750493885693,5.3642823933813535,0.012421957365818848,[256 128  64  32  16   8   4],"[1, 4, 13, 45, 117, 282, 584]"
Normal cebellum-4.jpg,Normal cebellum-4.jpg,1.8063849892795856,5.055827941824572,0.007973284000821989,[256 128  64  32  16   8   4],"[1, 4, 15, 56, 192, 657, 1695]"
Normal cebellum-4_0.jpg,Normal cebellum-4.jpg,1.649335587511464,4.489434014123479,0.005361769643200088,[256 128  64  32  16   8   4],"[1, 4, 13, 44, 145, 405, 887]"
Normal cebellum-4_1.jpg,Normal cebellum-4.jpg,1.7012384731663641,5.253275350214507,0.0065908305093822575,[256 128  64  32  16   8   4],"[1, 4, 15, 54, 176, 485, 1082]"
Normal cebellum-4_2.jpg,Normal cebellum-4.jpg,1.658160689603369,4.551307449022473,0.005476811753600661,[256 128  64  32  16   8   4],"[1, 4, 15, 46, 148, 430, 940]"
Normal cebellum-4_3.jpg,Normal cebellum-4.jpg,1.6611832149370815,4.737216120304757,0.00532238845132268,[256 128  64  32  16   8   4],"[1, 4, 13, 43, 149, 425, 919]"
Normal cebellum-4_4.jpg,Normal cebellum-4.jpg,1.690329845115374,5.437758297563755,0.006424609144003732,[256 128  64  32  16   8   4],"[1, 4, 16, 55, 182, 475, 1033]"
Normal cebellum-5.jpg,Normal cebellum-5.jpg,1.5131655523127512,4.918250204413988,0.011226816501425546,[256 128  64  32  16   8   4],"[1, 4, 16, 49, 118, 267, 557]"
Normal cebellum-5_0.jpg,Normal cebellum-5.jpg,1.3946477571133638,5.4644923769077955,0.01645903036069927,[256 128  64  32  16   8   4],"[1, 4, 14, 32, 81, 177, 369]"
Normal cebellum-5_1.jpg,Normal cebellum-5.jpg,1.4163959728733067,5.296902899951858,0.016021722035259117,[256 128  64  32  16   8   4],"[1, 4, 15, 40, 88, 196, 395]"
Normal cebellum-5_2.jpg,Normal cebellum-5.jpg,1.315793576719239,4.801339119306715,0.015154095384582376,[256 128  64  32  16   8   4],"[1, 4, 12, 26, 59, 133, 283]"
Normal cebellum-5_3.jpg,Normal cebellum-5.jpg,1.34945142512596,5.187910330026727,0.01470097500465739,[256 128  64  32  16   8   4],"[1, 4, 12, 28, 68, 152, 307]"
Normal cebellum-5_4.jpg,Normal cebellum-5.jpg,1.3845635469486675,4.811545750347248,0.01728914924443909,[256 128  64  32  16   8   4],"[1, 4, 12, 29, 68, 169, 359]"
Normal cebellum-6.jpg,Normal cebellum-6.jpg,1.6127287941370843,4.310474929678449,0.010693158791091104,[256 128  64  32  16   8   4],"[1, 4, 16, 55, 159, 369, 774]"
Normal cebellum-6_0.jpg,Normal cebellum-6.jpg,1.4396681619564557,4.062892424326239,0.00802929573292656,[256 128  64  32  16   8   4],"[1, 4, 14, 41, 96, 211, 415]"
Normal cebellum-6_1.jpg,Normal cebellum-6.jpg,1.501288404751442,4.554152020521416,0.014990556372748771,[256 128  64  32  16   8   4],"[1, 4, 16, 46, 113, 268, 522]"
Normal cebellum-6_2.jpg,Normal cebellum-6.jpg,1.5403281110364804,4.390178626340592,0.011901332419083602,[256 128  64  32  16   8   4],"[1, 4, 14, 47, 121, 285, 603]"
Normal cebellum-6_3.jpg,Normal cebellum-6.jpg,1.488623387541342,3.7337335434518035,0.008795345003918466,[256 128  64  32  16   8   4],"[1, 4, 13, 40, 106, 236, 499]"
Normal cebellum-6_4.jpg,Normal cebellum-6.jpg,1.4998809572811542,3.788238389746934,0.008796112428361369,[256 128  64  32  16   8   4],"[1, 4, 15, 41, 106, 254, 536]"
Normal cebellum-7.jpg,Normal cebellum-7.jpg,1.7251348541365186,4.298264882022303,0.00804469962657687,[256 128  64  32  16   8   4],"[1, 4, 16, 57, 187, 536, 1183]"
Normal cebellum-7_0.jpg,Normal cebellum-7.jpg,1.6685830452587687,5.173921928758421,0.01673388310342854,[256 128  64  32  16   8   4],"[1, 4, 15, 53, 175, 432, 948]"
Normal cebellum-7_1.jpg,Normal cebellum-7.jpg,1.6627354116898172,4.946099987380742,0.019673352367428183,[256 128  64  32  16   8   4],"[1, 4, 15, 52, 159, 433, 941]"
Normal cebellum-7_2.jpg,Normal cebellum-7.jpg,1.6610716722952028,4.751827007695062,0.01626450483913001,[256 128  64  32  16   8   4],"[1, 4, 14, 50, 164, 422, 916]"
Normal cebellum-7_3.jpg,Normal cebellum-7.jpg,1.659168689566136,4.731287405997694,0.015463579980143353,[256 128  64  32  16   8   4],"[1, 4, 15, 48, 157, 413, 953]"
Normal cebellum-7_4.jpg,Normal cebellum-7.jpg,1.6034823469671549,4.371019519944533,0.014615188613755378,[256 128  64  32  16   8   4],"[1, 4, 14, 44, 137, 348, 762]"
Normal cebellum-8.jpg,Normal cebellum-8.jpg,1.6167789591584272,5.265925256976008,0.007949153782797905,[256 128  64  32  16   8   4],"[1, 4, 16, 56, 188, 423, 686]"
Normal cebellum-8_0.jpg,Normal cebellum-8.jpg,1.40842131051659,5.2903802446213986,0.014974876238972416,[256 128  64  32  16   8   4],"[1, 4, 16, 48, 110, 208, 342]"
Normal cebellum-8_1.jpg,Normal cebellum-8.jpg,1.3174261187136895,5.17510013001824,0.014151238991374306,[256 128  64  32  16   8   4],"[1, 4, 14, 39, 86, 151, 244]"
Normal cebellum-8_2.jpg,Normal cebellum-8.jpg,1.3717641456722405,6.396022741408705,0.017562408305140366,[256 128  64  32  16   8   4],"[1, 4, 16, 50, 109, 180, 298]"
Normal cebellum-8_3.jpg,Normal cebellum-8.jpg,1.3548408318157659,5.262856120315299,0.01094850207491966,[256 128  64  32  16   8   4],"[1, 4, 14, 42, 97, 169, 277]"
Normal cebellum-8_4.jpg,Normal cebellum-8.jpg,1.3590969563523674,5.22941544900011,0.013963859654654937,[256 128  64  32  16   8   4],"[1, 4, 12, 42, 98, 164, 275]"
